<ImportExportXml xmlns:xsi="http://www.w3.org/2001/XMLSchema-instance" OrganizationVersion="9.2.24123.252" OrganizationSchemaType="Standard" CRMServerServiceabilityVersion="9.2.24123.00252">
  <Entities></Entities>
  <Roles></Roles>
  <Workflows>
    <Workflow WorkflowId="{7acce2ea-9bdf-ef11-8ee9-7c1e524789a3}" Name="HealthCheckAKS">
      <JsonFileName>/Workflows/HealthCheckAKS-7ACCE2EA-9BDF-EF11-8EE9-7C1E524789A3.json</JsonFileName>
      <Type>1</Type>
      <Subprocess>0</Subprocess>
      <Category>5</Category>
      <Mode>0</Mode>
      <Scope>4</Scope>
      <OnDemand>0</OnDemand>
      <TriggerOnCreate>0</TriggerOnCreate>
      <TriggerOnDelete>0</TriggerOnDelete>
      <AsyncAutodelete>0</AsyncAutodelete>
      <SyncWorkflowLogOnFailure>0</SyncWorkflowLogOnFailure>
      <StateCode>1</StateCode>
      <StatusCode>2</StatusCode>
      <RunAs>1</RunAs>
      <IsTransacted>1</IsTransacted>
      <IntroducedVersion>1.0.0.28</IntroducedVersion>
      <IsCustomizable>1</IsCustomizable>
      <BusinessProcessType>0</BusinessProcessType>
      <IsCustomProcessingStepAllowedForOtherPublishers>1</IsCustomProcessingStepAllowedForOtherPublishers>
      <PrimaryEntity>none</PrimaryEntity>
      <LocalizedNames>
        <LocalizedName languagecode="1033" description="HealthCheckAKS" />
      </LocalizedNames>
    </Workflow>
    <Workflow WorkflowId="{2bc3ff63-9f56-ef11-a317-7c1e5218f44f}" Name="output notification in Teams">
      <JsonFileName>/Workflows/outputnotificationinTeams-2BC3FF63-9F56-EF11-A317-7C1E5218F44F.json</JsonFileName>
      <Type>1</Type>
      <Subprocess>0</Subprocess>
      <Category>5</Category>
      <Mode>0</Mode>
      <Scope>4</Scope>
      <OnDemand>0</OnDemand>
      <TriggerOnCreate>0</TriggerOnCreate>
      <TriggerOnDelete>0</TriggerOnDelete>
      <AsyncAutodelete>0</AsyncAutodelete>
      <SyncWorkflowLogOnFailure>0</SyncWorkflowLogOnFailure>
      <StateCode>1</StateCode>
      <StatusCode>2</StatusCode>
      <RunAs>1</RunAs>
      <IsTransacted>1</IsTransacted>
      <IntroducedVersion>1.0.0.0</IntroducedVersion>
      <IsCustomizable>1</IsCustomizable>
      <IsCustomProcessingStepAllowedForOtherPublishers>1</IsCustomProcessingStepAllowedForOtherPublishers>
      <PrimaryEntity>none</PrimaryEntity>
      <LocalizedNames>
        <LocalizedName languagecode="1033" description="output notification in Teams" />
      </LocalizedNames>
    </Workflow>
    <Workflow WorkflowId="{a61caa67-7e4e-ef11-a317-00224809d4c2}" Name="File upload from Sharepoint list to API">
      <JsonFileName>/Workflows/FileuploadfromSharepointlisttoAPI-A61CAA67-7E4E-EF11-A317-00224809D4C2.json</JsonFileName>
      <Type>1</Type>
      <Subprocess>0</Subprocess>
      <Category>5</Category>
      <Mode>0</Mode>
      <Scope>4</Scope>
      <OnDemand>0</OnDemand>
      <TriggerOnCreate>0</TriggerOnCreate>
      <TriggerOnDelete>0</TriggerOnDelete>
      <AsyncAutodelete>0</AsyncAutodelete>
      <SyncWorkflowLogOnFailure>0</SyncWorkflowLogOnFailure>
      <StateCode>1</StateCode>
      <StatusCode>2</StatusCode>
      <RunAs>1</RunAs>
      <IsTransacted>1</IsTransacted>
      <IntroducedVersion>1.0.0.2</IntroducedVersion>
      <IsCustomizable>1</IsCustomizable>
      <IsCustomProcessingStepAllowedForOtherPublishers>1</IsCustomProcessingStepAllowedForOtherPublishers>
      <PrimaryEntity>none</PrimaryEntity>
      <LocalizedNames>
        <LocalizedName languagecode="1033" description="File upload from Sharepoint list to API" />
      </LocalizedNames>
    </Workflow>
    <Workflow WorkflowId="{5b61ed15-df50-ef11-bfe3-000d3a8f69c5}" Name="PA-GapAnalysis">
      <JsonFileName>/Workflows/PA-GapAnalysis-5B61ED15-DF50-EF11-BFE3-000D3A8F69C5.json</JsonFileName>
      <Type>1</Type>
      <Subprocess>0</Subprocess>
      <Category>5</Category>
      <Mode>0</Mode>
      <Scope>4</Scope>
      <OnDemand>0</OnDemand>
      <TriggerOnCreate>0</TriggerOnCreate>
      <TriggerOnDelete>0</TriggerOnDelete>
      <AsyncAutodelete>0</AsyncAutodelete>
      <SyncWorkflowLogOnFailure>0</SyncWorkflowLogOnFailure>
      <StateCode>1</StateCode>
      <StatusCode>2</StatusCode>
      <RunAs>1</RunAs>
      <IsTransacted>1</IsTransacted>
      <IntroducedVersion>1.0.0.3</IntroducedVersion>
      <IsCustomizable>1</IsCustomizable>
      <IsCustomProcessingStepAllowedForOtherPublishers>1</IsCustomProcessingStepAllowedForOtherPublishers>
      <PrimaryEntity>none</PrimaryEntity>
      <LocalizedNames>
        <LocalizedName languagecode="1033" description="PA-GapAnalysis" />
      </LocalizedNames>
    </Workflow>
    <Workflow WorkflowId="{3f222768-7e4e-ef11-a317-000d3a3be2c1}" Name="Getalldocumentsfromapi">
      <JsonFileName>/Workflows/Getalldocumentsfromapi-3F222768-7E4E-EF11-A317-000D3A3BE2C1.json</JsonFileName>
      <Type>1</Type>
      <Subprocess>0</Subprocess>
      <Category>5</Category>
      <Mode>0</Mode>
      <Scope>4</Scope>
      <OnDemand>0</OnDemand>
      <TriggerOnCreate>0</TriggerOnCreate>
      <TriggerOnDelete>0</TriggerOnDelete>
      <AsyncAutodelete>0</AsyncAutodelete>
      <SyncWorkflowLogOnFailure>0</SyncWorkflowLogOnFailure>
      <StateCode>1</StateCode>
      <StatusCode>2</StatusCode>
      <RunAs>1</RunAs>
      <IsTransacted>1</IsTransacted>
      <IntroducedVersion>1.0.0.2</IntroducedVersion>
      <IsCustomizable>1</IsCustomizable>
      <IsCustomProcessingStepAllowedForOtherPublishers>1</IsCustomProcessingStepAllowedForOtherPublishers>
      <PrimaryEntity>none</PrimaryEntity>
      <LocalizedNames>
        <LocalizedName languagecode="1033" description="Getalldocumentsfromapi" />
      </LocalizedNames>
    </Workflow>
    <Workflow WorkflowId="{a76077c7-3353-ef11-bfe3-000d3a1c47fc}" Name="PA-GetAllGapAnalysisResults">
      <JsonFileName>/Workflows/PA-GetAllGapAnalysisResults-A76077C7-3353-EF11-BFE3-000D3A1C47FC.json</JsonFileName>
      <Type>1</Type>
      <Subprocess>0</Subprocess>
      <Category>5</Category>
      <Mode>0</Mode>
      <Scope>4</Scope>
      <OnDemand>0</OnDemand>
      <TriggerOnCreate>0</TriggerOnCreate>
      <TriggerOnDelete>0</TriggerOnDelete>
      <AsyncAutodelete>0</AsyncAutodelete>
      <SyncWorkflowLogOnFailure>0</SyncWorkflowLogOnFailure>
      <StateCode>1</StateCode>
      <StatusCode>2</StatusCode>
      <RunAs>1</RunAs>
      <IsTransacted>1</IsTransacted>
      <IntroducedVersion>1.0.0.3</IntroducedVersion>
      <IsCustomizable>1</IsCustomizable>
      <IsCustomProcessingStepAllowedForOtherPublishers>1</IsCustomProcessingStepAllowedForOtherPublishers>
      <PrimaryEntity>none</PrimaryEntity>
      <LocalizedNames>
        <LocalizedName languagecode="1033" description="PA-GetAllGapAnalysisResults" />
      </LocalizedNames>
    </Workflow>
    <Workflow WorkflowId="{a56077c7-3353-ef11-bfe3-000d3a1c47fc}" Name="PA-GetAllBenchmarkResults">
      <JsonFileName>/Workflows/PA-GetAllBenchmarkResults-A56077C7-3353-EF11-BFE3-000D3A1C47FC.json</JsonFileName>
      <Type>1</Type>
      <Subprocess>0</Subprocess>
      <Category>5</Category>
      <Mode>0</Mode>
      <Scope>4</Scope>
      <OnDemand>0</OnDemand>
      <TriggerOnCreate>0</TriggerOnCreate>
      <TriggerOnDelete>0</TriggerOnDelete>
      <AsyncAutodelete>0</AsyncAutodelete>
      <SyncWorkflowLogOnFailure>0</SyncWorkflowLogOnFailure>
      <StateCode>1</StateCode>
      <StatusCode>2</StatusCode>
      <RunAs>1</RunAs>
      <IsTransacted>1</IsTransacted>
      <IntroducedVersion>1.0.0.3</IntroducedVersion>
      <IsCustomizable>1</IsCustomizable>
      <IsCustomProcessingStepAllowedForOtherPublishers>1</IsCustomProcessingStepAllowedForOtherPublishers>
      <PrimaryEntity>none</PrimaryEntity>
      <LocalizedNames>
        <LocalizedName languagecode="1033" description="PA-GetAllBenchmarkResults" />
      </LocalizedNames>
    </Workflow>
    <Workflow WorkflowId="{06c46414-df50-ef11-bfe2-6045bdd7d769}" Name="PA-Benchmark">
      <JsonFileName>/Workflows/PA-Benchmark-06C46414-DF50-EF11-BFE2-6045BDD7D769.json</JsonFileName>
      <Type>1</Type>
      <Subprocess>0</Subprocess>
      <Category>5</Category>
      <Mode>0</Mode>
      <Scope>4</Scope>
      <OnDemand>0</OnDemand>
      <TriggerOnCreate>0</TriggerOnCreate>
      <TriggerOnDelete>0</TriggerOnDelete>
      <AsyncAutodelete>0</AsyncAutodelete>
      <SyncWorkflowLogOnFailure>0</SyncWorkflowLogOnFailure>
      <StateCode>1</StateCode>
      <StatusCode>2</StatusCode>
      <RunAs>1</RunAs>
      <IsTransacted>1</IsTransacted>
      <IntroducedVersion>1.0.0.3</IntroducedVersion>
      <IsCustomizable>1</IsCustomizable>
      <IsCustomProcessingStepAllowedForOtherPublishers>1</IsCustomProcessingStepAllowedForOtherPublishers>
      <PrimaryEntity>none</PrimaryEntity>
      <LocalizedNames>
        <LocalizedName languagecode="1033" description="PA-Benchmark" />
      </LocalizedNames>
    </Workflow>
  </Workflows>
  <FieldSecurityProfiles></FieldSecurityProfiles>
  <Templates />
  <EntityMaps />
  <EntityRelationships />
  <OrganizationSettings />
  <optionsets />
  <CustomControls />
  <EntityDataProviders />
  <CanvasApps>
    <CanvasApp>
      <Name>cr716_genaibenchmarkingandgapanalysisv2_5dd7d</Name>
      <AppVersion>2025-01-31T14:56:17Z</AppVersion>
      <Status>Ready</Status>
      <CreatedByClientVersion>3.25012.14.0</CreatedByClientVersion>
      <MinClientVersion>3.25012.14.0</MinClientVersion>
      <Tags>{"primaryDeviceWidth":"1366","primaryDeviceHeight":"768","supportsPortrait":"true","supportsLandscape":"true","primaryFormFactor":"Tablet","showStatusBar":"false","publisherVersion":"3.25012.14","minimumRequiredApiVersion":"2.2.0","hasComponent":"false","hasUnlockedComponent":"false","isUnifiedRootApp":"false","sienaVersion":"20250131T134001Z-3.25012.14.0"}</Tags>
      <IsCdsUpgraded>0</IsCdsUpgraded>
      <GalleryItemId xsi:nil="true"></GalleryItemId>
      <BackgroundColor>RGBA(0,176,240,1)</BackgroundColor>
      <DisplayName>Gen AI Benchmarking and Gap Analysisv2</DisplayName>
      <Description xsi:nil="true"></Description>
      <CommitMessage xsi:nil="true"></CommitMessage>
      <Publisher></Publisher>
      <AuthorizationReferences>[]</AuthorizationReferences>
      <ConnectionReferences>{"dcb5c7fd-2238-415b-8045-eaf2d8b9c707":{"id":"/providers/microsoft.powerapps/apis/shared_office365users","displayName":"Office 365 Users","iconUri":"https://conn-afd-prod-endpoint-bmc9bqahasf3grgk.b01.azurefd.net/releases/v1.0.1718/1.0.1718.3951/office365users/icon.png","dataSources":["Office365Users"],"dependencies":[],"dependents":[],"parameterHints":{},"parameterHintsV2":{},"isOnPremiseConnection":false,"bypassConsent":false,"dataSets":{},"apiTier":"Standard","actions":["UserProfile_V2"]},"cee08fd5-8b96-4aa0-ab57-b1b7c4d6dced":{"id":"/providers/microsoft.powerapps/apis/shared_excelonlinebusiness","displayName":"Excel Online (Business)","iconUri":"https://conn-afd-prod-endpoint-bmc9bqahasf3grgk.b01.azurefd.net/releases/v1.0.1718/1.0.1718.3946/excelonlinebusiness/icon.png","dataSources":["Table4"],"dependencies":[],"dependents":[],"parameterHints":{},"parameterHintsV2":{},"isOnPremiseConnection":false,"bypassConsent":false,"dataSets":{"groups%252F0a1d2375-ac57-43d7-94a4-02ca6d902f51,b%2521eRHAF38UWU-7KcQoKDhfBmyE3-kLKJZBvYfBPAo7NxvNAKrrimlMQJS0af29nsuV,01GJR27YVRJSBIDUBA3ZCIEOSMI5LJT4LN":{"dataSources":{"Table4":{"tableName":"{51236906-150E-48DC-9AEA-481BF5BE5F42}"}}}},"apiTier":"Standard","actions":["providers/PowerPlatform.Governance/Operations/Read"]},"9ac59921-8d55-4eca-8713-a2902251ba64":{"id":"/providers/microsoft.powerapps/apis/shared_logicflows","displayName":"Logic flows","iconUri":"https://conn-afd-prod-endpoint-bmc9bqahasf3grgk.b01.azurefd.net/releases/v1.0.1725/1.0.1725.4004/logicflows/icon.png","dataSources":["PA-GapAnalysis"],"dependencies":["f022f1e0-3d74-4ed2-962f-de877d5c280b"],"dependents":[],"parameterHints":{"workflowName":{"value":"6036cce3-c04d-4231-83c5-5df6ead75fc1"},"workflowEntityId":{"value":"5b61ed15-df50-ef11-bfe3-000d3a8f69c5"},"workflowDisplayName":{"value":"PA-GapAnalysis"},"f022f1e0-3d74-4ed2-962f-de877d5c280b":{"value":"shared_sharepointonline_1"}},"parameterHintsV2":{"workflowName":{"value":"6036cce3-c04d-4231-83c5-5df6ead75fc1"},"workflowEntityId":{"value":"5b61ed15-df50-ef11-bfe3-000d3a8f69c5"},"workflowDisplayName":{"value":"PA-GapAnalysis"},"shared_sharepointonline_1":{"value":"f022f1e0-3d74-4ed2-962f-de877d5c280b"}},"isOnPremiseConnection":false,"bypassConsent":false,"dataSets":{},"apiTier":"Standard","actions":["Run"]},"f022f1e0-3d74-4ed2-962f-de877d5c280b":{"id":"/providers/microsoft.powerapps/apis/shared_sharepointonline","displayName":"SharePoint","iconUri":"https://conn-afd-prod-endpoint-bmc9bqahasf3grgk.b01.azurefd.net/releases/v1.0.1723/1.0.1723.3986/sharepointonline/icon.png","dataSources":["SustainabilityCSRDReports","BenchmarkGapAnalysisOutputdocs"],"dependencies":[],"dependents":["9ac59921-8d55-4eca-8713-a2902251ba64","7edf17e8-4823-4776-a577-dfd33505e7ec"],"parameterHints":{},"parameterHintsV2":{},"isOnPremiseConnection":false,"bypassConsent":false,"dataSets":{},"apiTier":"Standard","actions":["providers/PowerPlatform.Governance/Operations/Read"]},"1988f166-a20d-49f2-9c91-d5a8bd67eda5":{"id":"/providers/microsoft.powerapps/apis/shared_logicflows","displayName":"Logic flows","iconUri":"https://conn-afd-prod-endpoint-bmc9bqahasf3grgk.b01.azurefd.net/releases/v1.0.1725/1.0.1725.4004/logicflows/icon.png","dataSources":["PA-GetAllBenchmarkResults"],"dependencies":[],"dependents":[],"parameterHints":{"workflowName":{"value":"1177e908-4d42-4349-a574-eac4d643c9d2"},"workflowEntityId":{"value":"a56077c7-3353-ef11-bfe3-000d3a1c47fc"},"workflowDisplayName":{"value":"PA-GetAllBenchmarkResults"}},"parameterHintsV2":{"workflowName":{"value":"1177e908-4d42-4349-a574-eac4d643c9d2"},"workflowEntityId":{"value":"a56077c7-3353-ef11-bfe3-000d3a1c47fc"},"workflowDisplayName":{"value":"PA-GetAllBenchmarkResults"}},"isOnPremiseConnection":false,"bypassConsent":false,"dataSets":{},"apiTier":"Standard","actions":["Run"]},"4cba3512-7f09-46da-b993-4d893040558c":{"id":"/providers/microsoft.powerapps/apis/shared_logicflows","displayName":"Logic flows","iconUri":"https://conn-afd-prod-endpoint-bmc9bqahasf3grgk.b01.azurefd.net/releases/v1.0.1725/1.0.1725.4004/logicflows/icon.png","dataSources":["PA-GetAllGapAnalysisResults"],"dependencies":[],"dependents":[],"parameterHints":{"workflowName":{"value":"7980ed71-b6d7-4113-9f09-d0145ff42266"},"workflowEntityId":{"value":"a76077c7-3353-ef11-bfe3-000d3a1c47fc"},"workflowDisplayName":{"value":"PA-GetAllGapAnalysisResults"}},"parameterHintsV2":{"workflowName":{"value":"7980ed71-b6d7-4113-9f09-d0145ff42266"},"workflowEntityId":{"value":"a76077c7-3353-ef11-bfe3-000d3a1c47fc"},"workflowDisplayName":{"value":"PA-GetAllGapAnalysisResults"}},"isOnPremiseConnection":false,"bypassConsent":false,"dataSets":{},"apiTier":"Standard","actions":["Run"]},"305c6164-3e89-40e6-b4dc-54a6e95f43b4":{"id":"/providers/microsoft.powerapps/apis/shared_sharepointonline","displayName":"SharePoint","iconUri":"https://conn-afd-prod-endpoint-bmc9bqahasf3grgk.b01.azurefd.net/releases/v1.0.1723/1.0.1723.3986/sharepointonline/icon.png","dataSources":["BenchmarkGapAnalysisOutputdocs"],"dependencies":[],"dependents":[],"parameterHints":{},"parameterHintsV2":{},"isOnPremiseConnection":false,"bypassConsent":false,"dataSets":{"https://mngenvmcap993385.sharepoint.com/sites/CASSA1":{"dataSources":{"BenchmarkGapAnalysisOutputdocs":{"tableName":"70e18c7a-0cc5-4e33-80d4-f93ae3279339"}}}},"apiTier":"Standard","actions":["providers/PowerPlatform.Governance/Operations/Read"]},"c9a3f568-8e96-4b54-b98e-4b0afe95af07":{"id":"/providers/microsoft.powerapps/apis/shared_sharepointonline","displayName":"SharePoint","iconUri":"https://conn-afd-prod-endpoint-bmc9bqahasf3grgk.b01.azurefd.net/releases/v1.0.1723/1.0.1723.3986/sharepointonline/icon.png","dataSources":["SustainabilityCSRDReports"],"dependencies":[],"dependents":[],"parameterHints":{},"parameterHintsV2":{},"isOnPremiseConnection":false,"bypassConsent":false,"dataSets":{"https://mngenvmcap993385.sharepoint.com/sites/CASSA1":{"dataSources":{"SustainabilityCSRDReports":{"tableName":"00ffc26f-5c54-4a3f-adb8-06a6c15a26f0"}}}},"apiTier":"Standard","actions":["providers/PowerPlatform.Governance/Operations/Read"]},"c8b03525-6c8f-421e-8060-45aa6e2cc391":{"id":"/providers/microsoft.powerapps/apis/shared_logicflows","displayName":"Logic flows","iconUri":"https://conn-afd-prod-endpoint-bmc9bqahasf3grgk.b01.azurefd.net/releases/v1.0.1725/1.0.1725.4004/logicflows/icon.png","dataSources":["Getalldocumentsfromapi"],"dependencies":[],"dependents":[],"parameterHints":{"workflowName":{"value":"80d5918a-a363-407f-aa11-4ec553d1006d"},"workflowEntityId":{"value":"3f222768-7e4e-ef11-a317-000d3a3be2c1"},"workflowDisplayName":{"value":"Getalldocumentsfromapi"}},"parameterHintsV2":{"workflowName":{"value":"80d5918a-a363-407f-aa11-4ec553d1006d"},"workflowEntityId":{"value":"3f222768-7e4e-ef11-a317-000d3a3be2c1"},"workflowDisplayName":{"value":"Getalldocumentsfromapi"}},"isOnPremiseConnection":false,"bypassConsent":false,"dataSets":{},"apiTier":"Standard","actions":["Run"]},"7edf17e8-4823-4776-a577-dfd33505e7ec":{"id":"/providers/microsoft.powerapps/apis/shared_logicflows","displayName":"Logic flows","iconUri":"https://conn-afd-prod-endpoint-bmc9bqahasf3grgk.b01.azurefd.net/releases/v1.0.1725/1.0.1725.4004/logicflows/icon.png","dataSources":["PA-Benchmark"],"dependencies":["f022f1e0-3d74-4ed2-962f-de877d5c280b"],"dependents":[],"parameterHints":{"workflowName":{"value":"0422642f-a5ab-4c4d-b3d9-0b517691a90a"},"workflowEntityId":{"value":"06c46414-df50-ef11-bfe2-6045bdd7d769"},"workflowDisplayName":{"value":"PA-Benchmark"},"f022f1e0-3d74-4ed2-962f-de877d5c280b":{"value":"shared_sharepointonline_1"}},"parameterHintsV2":{"workflowName":{"value":"0422642f-a5ab-4c4d-b3d9-0b517691a90a"},"workflowEntityId":{"value":"06c46414-df50-ef11-bfe2-6045bdd7d769"},"workflowDisplayName":{"value":"PA-Benchmark"},"shared_sharepointonline_1":{"value":"f022f1e0-3d74-4ed2-962f-de877d5c280b"}},"isOnPremiseConnection":false,"bypassConsent":false,"dataSets":{},"apiTier":"Standard","actions":["Run"]},"7b5b0a92-64ad-464e-b6f2-649ff9619443":{"id":"/providers/microsoft.powerapps/apis/shared_logicflows","displayName":"Logic flows","iconUri":"https://conn-afd-prod-endpoint-bmc9bqahasf3grgk.b01.azurefd.net/releases/v1.0.1725/1.0.1725.4004/logicflows/icon.png","dataSources":["HealthCheckAKS"],"dependencies":[],"dependents":[],"parameterHints":{"workflowName":{"value":"53a6729e-b06e-445e-a9ce-51bd56b9b0c6"},"workflowEntityId":{"value":"7acce2ea-9bdf-ef11-8ee9-7c1e524789a3"},"workflowDisplayName":{"value":"HealthCheckAKS"}},"parameterHintsV2":{"workflowName":{"value":"53a6729e-b06e-445e-a9ce-51bd56b9b0c6"},"workflowEntityId":{"value":"7acce2ea-9bdf-ef11-8ee9-7c1e524789a3"},"workflowDisplayName":{"value":"HealthCheckAKS"}},"isOnPremiseConnection":false,"bypassConsent":false,"dataSets":{},"apiTier":"Standard","actions":["Run"]}}</ConnectionReferences>
      <DatabaseReferences>{"default.cds":{"databaseDetails":{"referenceType":"Environmental","environmentName":"default.cds","overrideValues":{"status":"NotSpecified","environmentVariableName":""}},"dataSources":{"43b0dc67-68af-47ae-9a9c-9e69d396ba3e":{"entitySetName":"msdyn_aimodels","logicalName":"msdyn_aimodel"},"aaecc619-18c9-476b-9b00-1226535c6d87":{"entitySetName":"organizations","logicalName":"organization"}}}}</DatabaseReferences>
      <AppComponents>[]</AppComponents>
      <AppComponentDependencies>[]</AppComponentDependencies>
      <CanConsumeAppPass>1</CanConsumeAppPass>
      <CanvasAppType>0</CanvasAppType>
      <BypassConsent>0</BypassConsent>
      <AdminControlBypassConsent>0</AdminControlBypassConsent>
      <EmbeddedApp xsi:nil="true"></EmbeddedApp>
      <IntroducedVersion>1.0</IntroducedVersion>
      <CdsDependencies>{"cdsdependencies":[{"dependencyid":"5b61ed15-df50-ef11-bfe3-000d3a8f69c5","componenttype":29,"componenttypeplatformname":"Workflow"},{"dependencyid":"a56077c7-3353-ef11-bfe3-000d3a1c47fc","componenttype":29,"componenttypeplatformname":"Workflow"},{"dependencyid":"a76077c7-3353-ef11-bfe3-000d3a1c47fc","componenttype":29,"componenttypeplatformname":"Workflow"},{"dependencyid":"3f222768-7e4e-ef11-a317-000d3a3be2c1","componenttype":29,"componenttypeplatformname":"Workflow"},{"dependencyid":"06c46414-df50-ef11-bfe2-6045bdd7d769","componenttype":29,"componenttypeplatformname":"Workflow"},{"dependencyid":"7acce2ea-9bdf-ef11-8ee9-7c1e524789a3","componenttype":29,"componenttypeplatformname":"Workflow"},{"logicalname":"msdyn_aimodel","componenttype":1},{"logicalname":"organization","componenttype":1}]}</CdsDependencies>
      <IsCustomizable>1</IsCustomizable>
      <BackgroundImageUri>/CanvasApps/cr716_genaibenchmarkingandgapanalysisv2_5dd7d_BackgroundImageUri</BackgroundImageUri>
      <DocumentUri>/CanvasApps/cr716_genaibenchmarkingandgapanalysisv2_5dd7d_DocumentUri.msapp</DocumentUri>
      <AdditionalUris>
        <AdditionalUri>/CanvasApps/cr716_genaibenchmarkingandgapanalysisv2_5dd7d_AdditionalUris0_identity.json</AdditionalUri>
      </AdditionalUris>
    </CanvasApp>
  </CanvasApps>
  <connectionreferences>
    <connectionreference connectionreferencelogicalname="cr26f_sharedsharepointonline_26a56">
      <connectionreferencedisplayname>SharePoint </connectionreferencedisplayname>
      <connectorid>/providers/Microsoft.PowerApps/apis/shared_sharepointonline</connectorid>
      <iscustomizable>1</iscustomizable>
      <promptingbehavior>0</promptingbehavior>
      <statecode>0</statecode>
      <statuscode>1</statuscode>
    </connectionreference>
    <connectionreference connectionreferencelogicalname="cr716_sharedsendmail_d2c8e">
      <connectionreferencedisplayname>Mail ClientApp-d2c8e</connectionreferencedisplayname>
      <connectorid>/providers/Microsoft.PowerApps/apis/shared_sendmail</connectorid>
      <iscustomizable>1</iscustomizable>
      <promptingbehavior>0</promptingbehavior>
      <statecode>0</statecode>
      <statuscode>1</statuscode>
    </connectionreference>
    <connectionreference connectionreferencelogicalname="cr716_sharedsharepointonline_df1fc">
      <connectionreferencedisplayname>SharePoint ClientApp-df1fc</connectionreferencedisplayname>
      <connectorid>/providers/Microsoft.PowerApps/apis/shared_sharepointonline</connectorid>
      <iscustomizable>1</iscustomizable>
      <promptingbehavior>0</promptingbehavior>
      <statecode>0</statecode>
      <statuscode>1</statuscode>
    </connectionreference>
    <connectionreference connectionreferencelogicalname="cr716_sharedteams_33aa8">
      <connectionreferencedisplayname>Microsoft Teams ClientApp-33aa8</connectionreferencedisplayname>
      <connectorid>/providers/Microsoft.PowerApps/apis/shared_teams</connectorid>
      <iscustomizable>1</iscustomizable>
      <promptingbehavior>0</promptingbehavior>
      <statecode>0</statecode>
      <statuscode>1</statuscode>
    </connectionreference>
    <connectionreference connectionreferencelogicalname="new_sharedcommondataserviceforapps_032de">
      <connectionreferencedisplayname>Microsoft Dataverse</connectionreferencedisplayname>
      <connectorid>/providers/Microsoft.PowerApps/apis/shared_commondataserviceforapps</connectorid>
      <iscustomizable>1</iscustomizable>
      <promptingbehavior>0</promptingbehavior>
      <statecode>0</statecode>
      <statuscode>1</statuscode>
    </connectionreference>
    <connectionreference connectionreferencelogicalname="new_sharedoffice365_c446e">
      <connectionreferencedisplayname>Office 365 Outlook</connectionreferencedisplayname>
      <connectorid>/providers/Microsoft.PowerApps/apis/shared_office365</connectorid>
      <iscustomizable>1</iscustomizable>
      <promptingbehavior>0</promptingbehavior>
      <statecode>0</statecode>
      <statuscode>1</statuscode>
    </connectionreference>
    <connectionreference connectionreferencelogicalname="new_sharedsharepointonline_0679b">
      <connectionreferencedisplayname>SharePoint</connectionreferencedisplayname>
      <connectorid>/providers/Microsoft.PowerApps/apis/shared_sharepointonline</connectorid>
      <iscustomizable>1</iscustomizable>
      <promptingbehavior>0</promptingbehavior>
      <statecode>0</statecode>
      <statuscode>1</statuscode>
    </connectionreference>
    <connectionreference connectionreferencelogicalname="new_sharedsharepointonline_22322">
      <connectionreferencedisplayname>SharePoint</connectionreferencedisplayname>
      <connectorid>/providers/Microsoft.PowerApps/apis/shared_sharepointonline</connectorid>
      <iscustomizable>1</iscustomizable>
      <promptingbehavior>0</promptingbehavior>
      <statecode>0</statecode>
      <statuscode>1</statuscode>
    </connectionreference>
    <connectionreference connectionreferencelogicalname="new_sharedsharepointonline_3333e">
      <connectionreferencedisplayname>SharePoint</connectionreferencedisplayname>
      <connectorid>/providers/Microsoft.PowerApps/apis/shared_sharepointonline</connectorid>
      <iscustomizable>1</iscustomizable>
      <promptingbehavior>0</promptingbehavior>
      <statecode>0</statecode>
      <statuscode>1</statuscode>
    </connectionreference>
    <connectionreference connectionreferencelogicalname="new_sharedsharepointonline_37350">
      <connectionreferencedisplayname>SharePoint</connectionreferencedisplayname>
      <connectorid>/providers/Microsoft.PowerApps/apis/shared_sharepointonline</connectorid>
      <iscustomizable>1</iscustomizable>
      <promptingbehavior>0</promptingbehavior>
      <statecode>0</statecode>
      <statuscode>1</statuscode>
    </connectionreference>
    <connectionreference connectionreferencelogicalname="new_sharedsharepointonline_3c3e7">
      <connectionreferencedisplayname>SharePoint</connectionreferencedisplayname>
      <connectorid>/providers/Microsoft.PowerApps/apis/shared_sharepointonline</connectorid>
      <iscustomizable>1</iscustomizable>
      <promptingbehavior>0</promptingbehavior>
      <statecode>0</statecode>
      <statuscode>1</statuscode>
    </connectionreference>
    <connectionreference connectionreferencelogicalname="new_sharedsharepointonline_4f5de">
      <connectionreferencedisplayname>SharePoint</connectionreferencedisplayname>
      <connectorid>/providers/Microsoft.PowerApps/apis/shared_sharepointonline</connectorid>
      <iscustomizable>1</iscustomizable>
      <promptingbehavior>0</promptingbehavior>
      <statecode>0</statecode>
      <statuscode>1</statuscode>
    </connectionreference>
    <connectionreference connectionreferencelogicalname="new_sharedsharepointonline_519b4">
      <connectionreferencedisplayname>SharePoint</connectionreferencedisplayname>
      <connectorid>/providers/Microsoft.PowerApps/apis/shared_sharepointonline</connectorid>
      <iscustomizable>1</iscustomizable>
      <promptingbehavior>0</promptingbehavior>
      <statecode>0</statecode>
      <statuscode>1</statuscode>
    </connectionreference>
    <connectionreference connectionreferencelogicalname="new_sharedsharepointonline_53fe8">
      <connectionreferencedisplayname>SharePoint</connectionreferencedisplayname>
      <connectorid>/providers/Microsoft.PowerApps/apis/shared_sharepointonline</connectorid>
      <iscustomizable>1</iscustomizable>
      <promptingbehavior>0</promptingbehavior>
      <statecode>0</statecode>
      <statuscode>1</statuscode>
    </connectionreference>
    <connectionreference connectionreferencelogicalname="new_sharedsharepointonline_630ff">
      <connectionreferencedisplayname>SharePoint</connectionreferencedisplayname>
      <connectorid>/providers/Microsoft.PowerApps/apis/shared_sharepointonline</connectorid>
      <iscustomizable>1</iscustomizable>
      <promptingbehavior>0</promptingbehavior>
      <statecode>0</statecode>
      <statuscode>1</statuscode>
    </connectionreference>
    <connectionreference connectionreferencelogicalname="new_sharedsharepointonline_71837">
      <connectionreferencedisplayname>SharePoint</connectionreferencedisplayname>
      <connectorid>/providers/Microsoft.PowerApps/apis/shared_sharepointonline</connectorid>
      <iscustomizable>1</iscustomizable>
      <promptingbehavior>0</promptingbehavior>
      <statecode>0</statecode>
      <statuscode>1</statuscode>
    </connectionreference>
    <connectionreference connectionreferencelogicalname="new_sharedsharepointonline_77d75">
      <connectionreferencedisplayname>SharePoint</connectionreferencedisplayname>
      <connectorid>/providers/Microsoft.PowerApps/apis/shared_sharepointonline</connectorid>
      <iscustomizable>1</iscustomizable>
      <promptingbehavior>0</promptingbehavior>
      <statecode>0</statecode>
      <statuscode>1</statuscode>
    </connectionreference>
    <connectionreference connectionreferencelogicalname="new_sharedsharepointonline_9937d">
      <connectionreferencedisplayname>SharePoint</connectionreferencedisplayname>
      <connectorid>/providers/Microsoft.PowerApps/apis/shared_sharepointonline</connectorid>
      <iscustomizable>1</iscustomizable>
      <promptingbehavior>0</promptingbehavior>
      <statecode>0</statecode>
      <statuscode>1</statuscode>
    </connectionreference>
    <connectionreference connectionreferencelogicalname="new_sharedsharepointonline_ab7df">
      <connectionreferencedisplayname>SharePoint</connectionreferencedisplayname>
      <connectorid>/providers/Microsoft.PowerApps/apis/shared_sharepointonline</connectorid>
      <iscustomizable>1</iscustomizable>
      <promptingbehavior>0</promptingbehavior>
      <statecode>0</statecode>
      <statuscode>1</statuscode>
    </connectionreference>
    <connectionreference connectionreferencelogicalname="new_sharedsharepointonline_e44ce">
      <connectionreferencedisplayname>SharePoint</connectionreferencedisplayname>
      <connectorid>/providers/Microsoft.PowerApps/apis/shared_sharepointonline</connectorid>
      <iscustomizable>1</iscustomizable>
      <promptingbehavior>0</promptingbehavior>
      <statecode>0</statecode>
      <statuscode>1</statuscode>
    </connectionreference>
    <connectionreference connectionreferencelogicalname="new_sharedsharepointonline_ec0d1">
      <connectionreferencedisplayname>SharePoint</connectionreferencedisplayname>
      <connectorid>/providers/Microsoft.PowerApps/apis/shared_sharepointonline</connectorid>
      <iscustomizable>1</iscustomizable>
      <promptingbehavior>0</promptingbehavior>
      <statecode>0</statecode>
      <statuscode>1</statuscode>
    </connectionreference>
    <connectionreference connectionreferencelogicalname="new_sharedsharepointonline_f3a84">
      <connectionreferencedisplayname>SharePoint</connectionreferencedisplayname>
      <connectorid>/providers/Microsoft.PowerApps/apis/shared_sharepointonline</connectorid>
      <iscustomizable>1</iscustomizable>
      <promptingbehavior>0</promptingbehavior>
      <statecode>0</statecode>
      <statuscode>1</statuscode>
    </connectionreference>
  </connectionreferences>
  <Languages>
    <Language>1033</Language>
  </Languages>
</ImportExportXml>